﻿Designator,Quantity,Value,Footprint,Package,MPN,DNP,Mount_Type,Description,Option,Sim.Device,Sim.Pins
BT1,1,18650,BatteryHolder_MPD_BH-18650-PC2,,,,tht,Single-cell battery,,,
"C1, C4",2,10u,C_0805_2012Metric,,,,smt,,,,
"C10, C8, C9",3,10p,C_0402_1005Metric,,,,smt,Unpolarized capacitor,,,
"C11, C120, C2, C25, C26, C27, C3, C32, C33, C34, C35, C40, C45, C46, C47, C48, C49, C5, C50, C53, C54, C55, C57, C58, C60, C65, C66, C75, C87, C90, C91",31,u1,C_0201_0603Metric,,,,smt,Unpolarized capacitor,MS4525DO,,
"C12, C13, C14, C15, C21, C22, C36, C41, C43",9,4u7,C_0402_1005Metric,,,,smt,Unpolarized capacitor,,,
"C16, C17, C20, C23, C24, C62",6,1u,CP_EIA-3216-10_Kemet-I,,,,smt,"Polarized capacitor, small symbol",,,
"C18, C19",2,220u,CP_Elec_6.3x5.4,,,,smt,Polarized capacitor,,,
"C28, C29, C30, C31, C56, C6, C7, C83, C84",9,22u,C_0603_1608Metric,,,,smt,,,,
"C37, C42, C44, C59, C67",5,1u,C_0402_1005Metric,,,,smt,Unpolarized capacitor,,,
C38,1,10n/35V,C_0402_1005Metric,,,,smt,Unpolarized capacitor,,,
C39,1,100u,CP_Elec_6.3x5.4,,,,smt,Polarized capacitor,,,
"C51, C81",2,u1/16V,C_0603_1608Metric,,,,smt,Unpolarized capacitor,,,
"C52, C63, C68, C76, C79, C86, C89, C92, C98",9,u1/35V,C_0603_1608Metric,,,,smt,Unpolarized capacitor,,,
C61,1,4u7/6V3,C_0402_1005Metric,,,,smt,Unpolarized capacitor,,,
C64,1,u1/24V,C_0603_1608Metric,,,,smt,,,,
"C69, C72, C77, C78, C80, C85, C88, C93, C96, C97",10,10u/35V,C_0805_2012Metric,,,,smt,,,,
"C70, C73, C94",3,2u2,C_0402_1005Metric,,,,smt,Unpolarized capacitor,,,
"C71, C74, C95",3,22n/50V,C_0402_1005Metric,,,,smt,Unpolarized capacitor,,,
C82,1,56p,C_0402_1005Metric,,,,smt,,,,
"D10, D11, D12, D8, D9",5,WHITE,LED_PLCC_2835_Handsoldering,,,,smt,,,,
D14,1,HTR ON,LED_1206_3216Metric_ReverseMount,,,,smt,,,,
D15,1,RGB2,SK6812MINI-E_REV,,,,tht,,,,
D16,1,RGB1,SK6812MINI-E_REV,,,,tht,,,,
D17,1,RGB0,SK6812MINI-E_REV,,,,tht,,,,
D19,1,INFO,LED_1206_3216Metric_ReverseMount,,,,smt,,,,
D2,1,PSM712,SOT-23_Handsoldering,,,,smt,"Dual Line CAN Bus Protector, 24Vrwm",,,
D20,1,1N5819WS,D_SOD-323,,,,smt,Diode,,D,1=K 2=A
D21,1,RGB3,SK6812MINI-E_REV,,,,tht,,,,
D3,1,NUP2105,SOT-23_Handsoldering,,,,smt,,,,
"FB1, FB2",2,600R,L_0603_1608Metric,,,,smt,"Ferrite bead, small symbol",,,
J1,1,HALL,"PhoenixContact_MC_1,5_4-G-3.5_1x04_P3.50mm_Horizontal_smallerCourtyard",,,,tht,,,,
J10,1,BMEx80,PinSocket_1x06_P2.54mm_Vertical,,,,tht,,,,
J11,1,QWIIC,JST_SH_SM04B-SRSS-TB_1x04-1MP_P1.00mm_Horizontal,,,,smt,"Generic connectable mounting pin connector, single row, 01x04, script generated (kicad-library-utils/schlib/autogen/connector/)",,,
J12,1,TCS34725,PinSocket_1x08_P2.54mm_Vertical,,,,tht,,,,
J13,1,POWER,USB_C_Receptacle_HRO_TYPE-C-31-M-12_IMPROVED,,,,smt,USB 2.0-only 16P Type-C Receptacle connector,,,
J14,1,AUX OUT,PJ-327A,,,,tht,"Audio Jack, 3 Poles (Stereo / TRS), Switched T Pole (Normalling)",,,
J15,1,CAN RS 485,"PhoenixContact_MC_1,5_4-G-3.5_1x04_P3.50mm_Horizontal_smallerCourtyard",,,,tht,,,,
J16,1,Headphones,PJ-327A,,,,tht,"Audio Jack, 3 Poles (Stereo / TRS), Switched T Pole (Normalling)",,,
J17,1,Micro_SD_Card_Det1,microSD push,,,,smt,Micro SD Card Socket with one card detection pin,,,
J18,1,Bus-Servo,Molex_SPOX_5267-03A_1x03_P2.50mm_Vertical,,,,tht,"Generic connector, single row, 01x03, script generated (kicad-library-utils/schlib/autogen/connector/)",,,
J19,1,BH1750,PinSocket_1x06_P2.54mm_Vertical,,,,tht,,,,
J2,1,I2C,"PhoenixContact_MC_1,5_4-G-3.5_1x04_P3.50mm_Horizontal_smallerCourtyard",,,,tht,,,,
J20,1,CCS811,PinSocket_1x08_P2.54mm_Vertical,,,,tht,,,,
J21,1,GPIO,"PhoenixContact_MC_1,5_4-G-3.5_1x04_P3.50mm_Horizontal_smallerCourtyard",,,,tht,,,,
J22,1,Volts,"PhoenixContact_MC_1,5_4-G-3.5_1x04_P3.50mm_Horizontal_smallerCourtyard",,,,tht,,,,
J23,1,VL53L0x,PinSocket_1x06_P2.54mm_Vertical,,,,tht,"Generic connector, single row, 01x06, script generated (kicad-library-utils/schlib/autogen/connector/)",,,
"J24, J30, J31",3,K1,JST_XH_S4B-XH-A-1_1x04_P2.50mm_Horizontal_SmallerCourtyard,,,,tht,,,,
J25,1,Servos,PinHeader_2x09_P2.54mm_Horizontal_SMD,,,,smt,"Generic connector, double row, 02x09, odd/even pin numbering scheme (row 1 odd numbers, row 2 even numbers), script generated (kicad-library-utils/schlib/autogen/connector/)",,,
J26,1,EXT,PinHeader_2x03_P2.54mm_Vertical,,,,tht,"Generic connector, double row, 02x03, odd/even pin numbering scheme (row 1 odd numbers, row 2 even numbers), script generated (kicad-library-utils/schlib/autogen/connector/)",,,
J27,1,ADDA,"PhoenixContact_MC_1,5_4-G-3.5_1x04_P3.50mm_Horizontal_smallerCourtyard",,,,tht,,,,
J28,1,Brushless,"PhoenixContact_MC_1,5_4-G-3.5_1x04_P3.50mm_Horizontal_smallerCourtyard",,,,tht,,,,
J3,1,AUX IN,PJ-327A,,,,tht,"Audio Jack, 3 Poles (Stereo / TRS), Switched T Pole (Normalling)",,,
J36,1,PROG_STM,PinSocket_2x06_P2.54mm_Vertical_SMD,,,,smt,"Generic connector, double row, 02x06, odd/even pin numbering scheme (row 1 odd numbers, row 2 even numbers), script generated (kicad-library-utils/schlib/autogen/connector/)",,,
J4,1,SCD4x,PinSocket_1x04_P2.54mm_Vertical,,,,tht,,,,
J5,1,USB_ESP32,USB_C_Receptacle_HRO_TYPE-C-31-M-12_IMPROVED,,,,smt,USB 2.0-only 16P Type-C Receptacle connector,,,
J6,1,PROG ESP,Tag-Connect_TC2030-IDC-NL_2x03_P1.27mm_Vertical,,,,tht,,,,
J7,1,FAN5V,JST_XH_B2B-XH-A_1x02_P2.50mm_Vertical,,,,tht,,,,
J8,1,3V GN RGB 5V,PinHeader_1x04_P2.54mm_Vertical,,,,tht,"Generic connector, single row, 01x04, script generated (kicad-library-utils/schlib/autogen/connector/)",,,
J9,1,Barrel_Jack_Switch,BarrelJack_Horizontal,,,,tht,DC Barrel Jack with an internal switch,,,
JP1,1,Jumper_2_Bridged,SolderJumper-2_P1.3mm_Bridged2Bar_Pad1.0x1.5mm,,,,tht,"Jumper, 2-pole, closed/bridged",,,
JP3,1,LCD_RES,SolderJumper-2_P1.3mm_Bridged2Bar_RoundedPad1.0x1.5mm,,,,tht,"Jumper, 2-pole, closed/bridged",,,
JP8,1,Heater,SolderJumper-2_P1.3mm_Bridged2Bar_RoundedPad1.0x1.5mm,,,,tht,"Jumper, 2-pole, closed/bridged",,,
JP9,1,Fan,SolderJumper-2_P1.3mm_Bridged2Bar_RoundedPad1.0x1.5mm,,,,tht,"Jumper, 2-pole, closed/bridged",,,
L1,1,1u,L_0630,,,,smt,,,,
L4,1,10u,L_0630,,,,smt,,,,
LS1,1,Speaker,L_Abracon_ASPI-0425,,,,smt,Speaker,,,
M1,1,W5500_mini,W5500-mini,,,,tht,,,,
MK1,1,Mic,Microphone_6mm,,,,tht,Condenser microphone,,,
Q1,1,BC817,SOT-23,,,,smt,,,,
"Q2, Q5, Q6",3,IRLML6344,SOT-23,,,,smt,"5.3A Id, 30V Vds, 27mOhm Rds, N-Channel HEXFET Power MOSFET, SOT-23",,,
Q3,1,MJD31C,TO-252-2,,,,smt,"NPN transistor, base/collector/emitter",,,
"R1, R40, R66, R70, R9",5,k22,R_0402_1005Metric,,,,smt,Resistor,,,
"R10, R14, R16, R24",4,2k2,R_0402_1005Metric,,,,smt,Resistor,,,
"R11, R17, R2, R21, R26, R27, R29, R31, R36, R37, R39, R4, R41, R45, R50, R51, R55, R56, R57, R58, R60, R61, R62, R63, R64, R65, R67, R68, R72, R75",30,10k,R_0201_0603Metric,,,,smt,Resistor,,,
"R12, R22, R30, R34, R35, R42, R5, R6, R69, R71, R74, R8",12,1k,R_0402_1005Metric,,,,smt,Resistor,,,
"R13, R15, R78",3,10R,R_1206_3216Metric,,,,smt,,,,
"R18, R19",2,5k1,R_0201_0603Metric,,,,smt,,,,
"R20, R46",2,K12,R_1206_3216Metric_Pad1.30x1.75mm_HandSolder,,,,smt,,,,
R23,1,0R,D_0805_2012Metric_Pad1.15x1.40mm_HandSolder,,,Yes,smt,Resistor,,,
"R25, R53, R54, R59",4,M1,R_0201_0603Metric,,,,smt,Resistor,,,
"R28, R3, R47, R7",4,1R,R_0603_1608Metric,,,,smt,,,,
R32,1,GL5516,R_LDR_5.1x4.3mm_P3.4mm_Vertical,,,,tht,,,,
R33,1,22R,Resistor_100W,,,,tht,,,,
"R38, R79, R80, R83, R84, R87, R88",7,r1,R_2010_5025Metric,,,,smt,Resistor,,,
"R43, R44, R48, R73",4,3k3,R_0402_1005Metric,,,,smt,,,,
"R49, R76",2,10k,R_0805_2012Metric_Pad1.20x1.40mm_HandSolder,,,,smt,Resistor,,,
R52,1,22k,R_0805_2012Metric_Pad1.20x1.40mm_HandSolder,,,,smt,,Sound only,,
R77,1,1k,R_0805_2012Metric_Pad1.20x1.40mm_HandSolder,,,,smt,,,,
SW1,1,Reset,"Button_2x4x3,5_handsolder",,,,smt,,,,
SW2,1,ON RS TERM,SW_SPDT_PCM12_handsolder,,,,smt,"Switch, single pole double throw",,,
SW3,1,ON CAN TERM,SW_SPDT_PCM12_handsolder,,,,smt,"Switch, single pole double throw",,,
SW5,1,POWER,SW_Push_1P1T_NO_6x6mm_H6.5mm_Reverse,,,,smt,,,,
SW6,1,YELLOW,RotaryEncoder_EC11_SMD_handsolder,,,,smt,"Rotary encoder, dual channel, incremental quadrate outputs, with switch and MP Pin",,,
SW7,1,RED,SW_Push_1P1T_NO_6x6mm_H6.5mm_Reverse,,,,smt,,,,
SW8,1,GREEN,SW_Push_1P1T_NO_6x6mm_H6.5mm_Reverse,,,,smt,,,,
TP1,1,G2,TestPoint_THTPad_D1.0mm_Drill0.5mm,,,,tht,test point,,,
TP6,1,G3,TestPoint_THTPad_D1.0mm_Drill0.5mm,,,,tht,test point,,,
U1,1,MAX3485,SOIC-8_3.9x4.9mm_Pitch1.27mm_handsolder,,,,smt,"True RS-485/RS-422, 10Mbps, Slew-Rate Limited, with low-power shutdown, with receiver/driver enable, 32 receiver drive capacitity, DIP-8 and SOIC-8",,,
U10,1,NAU8822,QFN-32-1EP_5x5mm_P0.5mm_EP3.6x3.6mm_ThermalVias,,,,smt,,,,
U11,1,AMS1117,SOT-223-3_TabPin2,,,,smt,"1A Low Dropout regulator, positive, 3.3V fixed output, SOT-223",,,
U12,1,AHT20,AHT21,,,,smt,,,,
"U13, U17",2,DS18B20,TO-92_HandSolder,,,,tht,Programmable Resolution 1-Wire Digital Thermometer TO-92,,,
"U14, U19, U20",3,TMC2209,QFN-28-1EP_5x5mm_P0.5mm_EP3.75x3.75mm_ThermalVias,,,,smt,"Standalone driver for two-phase bipolar stepper motor, 2A, 4.75… 36V, UART, internal FETs, QFN28",,,
U15,1,NRF24L01,nRF24L01_Breakout,,,,tht,"Ultra low power 2.4GHz RF Transceiver, Carrier PCB",,,
U16,1,LM358,SOIC-8_3.9x4.9mm_P1.27mm,,,,smt,,,,
U18,1,TPS2116DRL,SOT-583-8,,,,smt,"2 Channnels Power Mux with Manual and Priority Switchover, 1.6-5.5V Input Voltage, 2.5A Output Current, Ron 40 mOhm, SOT-583-8",,,
U2,1,IP5306_I2C,HSOP-8-1EP_3.9x4.9mm_P1.27mm_EP2.3x2.3mm_ThermalVias,,,,smt,,,,
U22,1,AM612,AM612,,,,tht,,,,
U27,1,TPS54202DDC,SOT-23-6_Handsoldering,,,,smt,,,,
U3,1,DRV8313,HTSSOP-28-1EP_4.4x9.7mm_P0.65mm_EP2.85x5.4mm_ThermalVias,,,,smt,,,,
U4,1,ESP32-S3-WROOM-1,ESP32-S3-WROOM-1,,,,smt,,,,
U5,1,STM32G431R8Tx,LQFP-64_10x10mm_P0.5mm,,,,smt,"STMicroelectronics Arm Cortex-M4 MCU, 64KB flash, 32KB RAM, 170 MHz, 1.71-3.6V, 52 GPIO, LQFP64",,,
U6,1,RFM95W-868S2,HOPERF_RFM9XW_THT,,,,tht,"Low power long range transceiver module, SPI and parallel interface, 868 MHz, spreading factor 6 to12, bandwidth 7.8 to 500kHz, -111 to -148 dBm, SMD-16, DIP-16",,,
U7,1,SN65HVD230,SOIC-8_3.9x4.9mm_Pitch1.27mm_handsolder,,,,smt,,,,
U8,1,SRV05-4,SOT-23-6,,,,smt,,,,
U9,1,LSM6DS3,LGA-14_3x2.5mm_P0.5mm_LayoutBorder3x4y,,,,smt,"I2C/SPI, iNEMO inertial module: always-on 3D accelerometer and 3D gyroscope",,,
X1,1,FAN_6024,FAN_6024,,,,tht,,,,
X2,1,Display_1.3inch,IPS_130,,,,smt,,,,
X3,1,SIM7080G,SIM7080G_AND_MODULE,,,,tht,,,,
