﻿pos_x,pos_y,rotation,side,designator,mpn,pack,footprint,value,mount_type
142.2,-112.45,0.0,bottom,C1,,,C_0805_2012Metric,10u,smt
110.3,-103.05,180.0,bottom,C10,,,C_0402_1005Metric,10p,smt
179.0,-141.3,-90.0,bottom,C11,,,C_0201_0603Metric,u1,smt
163.2,-118.3,-135.0,bottom,C12,,,C_0402_1005Metric,4u7,smt
185.5,-65.8,180.0,bottom,C120,,,C_0201_0603Metric,u1,smt
163.9,-119.0,-135.0,bottom,C13,,,C_0402_1005Metric,4u7,smt
171.95,-117.05,-45.0,bottom,C14,,,C_0402_1005Metric,4u7,smt
168.65,-113.25,90.0,bottom,C15,,,C_0402_1005Metric,4u7,smt
172.4,-109.8,0.0,bottom,C16,,,CP_EIA-3216-10_Kemet-I,1u,smt
173.9,-107.2,0.0,bottom,C17,,,CP_EIA-3216-10_Kemet-I,1u,smt
182.6,-102.7,0.0,bottom,C18,,,CP_Elec_6.3x5.4,220u,smt
182.8,-109.85,0.0,bottom,C19,,,CP_Elec_6.3x5.4,220u,smt
145.95,-138.9,90.0,bottom,C2,,,C_0201_0603Metric,u1,smt
179.65,-118.3,180.0,bottom,C20,,,CP_EIA-3216-10_Kemet-I,1u,smt
169.6,-113.0,90.0,bottom,C21,,,C_0402_1005Metric,4u7,smt
177.7,-113.4,0.0,bottom,C22,,,C_0402_1005Metric,4u7,smt
179.65,-116.15,180.0,bottom,C23,,,CP_EIA-3216-10_Kemet-I,1u,smt
166.4,-108.1,-90.0,bottom,C24,,,CP_EIA-3216-10_Kemet-I,1u,smt
140.35,-76.25,90.0,bottom,C25,,,C_0201_0603Metric,u1,smt
137.95,-126.5,180.0,bottom,C26,,,C_0201_0603Metric,u1,smt
145.35,-118.85,180.0,bottom,C27,,,C_0201_0603Metric,u1,smt
128.35,-109.45,0.0,bottom,C28,,,C_0603_1608Metric,22u,smt
118.95,-122.6,0.0,bottom,C29,,,C_0603_1608Metric,22u,smt
188.5,-137.8,180.0,bottom,C3,,,C_0201_0603Metric,u1,smt
128.35,-112.45,0.0,bottom,C30,,,C_0603_1608Metric,22u,smt
128.35,-110.95,0.0,bottom,C31,,,C_0603_1608Metric,22u,smt
127.5,-92.0,180.0,bottom,C32,,,C_0201_0603Metric,u1,smt
125.5,-81.8,-90.0,bottom,C33,,,C_0201_0603Metric,u1,smt
137.475,-80.55,0.0,bottom,C34,,,C_0201_0603Metric,u1,smt
140.05,-83.1,-45.0,bottom,C35,,,C_0201_0603Metric,u1,smt
137.675,-79.725,0.0,bottom,C36,,,C_0402_1005Metric,4u7,smt
130.9,-94.1,0.0,bottom,C37,,,C_0402_1005Metric,1u,smt
113.4,-91.0,90.0,bottom,C38,,,C_0402_1005Metric,10n/35V,smt
112.8,-78.25,90.0,bottom,C39,,,CP_Elec_6.3x5.4,100u,smt
136.2,-110.7,0.0,bottom,C4,,,C_0805_2012Metric,10u,smt
169.15,-123.25,180.0,bottom,C40,,,C_0201_0603Metric,u1,smt
131.7,-56.75,-90.0,bottom,C41,,,C_0402_1005Metric,4u7,smt
123.25,-55.55,90.0,bottom,C42,,,C_0402_1005Metric,1u,smt
134.5,-68.6,180.0,bottom,C43,,,C_0402_1005Metric,4u7,smt
134.5,-67.65,0.0,bottom,C44,,,C_0402_1005Metric,1u,smt
158.5,-89.2,90.0,bottom,C45,,,C_0201_0603Metric,u1,smt
154.7,-88.75,180.0,bottom,C46,,,C_0201_0603Metric,u1,smt
150.1,-88.75,180.0,bottom,C47,,,C_0201_0603Metric,u1,smt
145.5,-88.75,180.0,bottom,C48,,,C_0201_0603Metric,u1,smt
131.1,-93.25,0.0,bottom,C49,,,C_0201_0603Metric,u1,smt
172.4,-147.0,180.0,bottom,C5,,,C_0201_0603Metric,u1,smt
139.7,-90.4,-90.0,bottom,C50,,,C_0201_0603Metric,u1,smt
112.05,-90.0,90.0,bottom,C51,,,C_0603_1608Metric,u1/16V,smt
112.35,-84.15,0.0,bottom,C52,,,C_0603_1608Metric,u1/35V,smt
168.6,-130.4,180.0,bottom,C53,,,C_0201_0603Metric,u1,smt
118.1,-133.35,180.0,bottom,C54,,,C_0201_0603Metric,u1,smt
119.55,-133.35,0.0,bottom,C55,,,C_0201_0603Metric,u1,smt
117.8,-144.2,180.0,bottom,C56,,,C_0603_1608Metric,22u,smt
117.6,-148.5,90.0,bottom,C57,,,C_0201_0603Metric,u1,smt
185.9,-73.15,90.0,bottom,C58,,,C_0201_0603Metric,u1,smt
168.6,-58.4,180.0,bottom,C59,,,C_0402_1005Metric,1u,smt
145.6,-141.1,-90.0,bottom,C6,,,C_0603_1608Metric,22u,smt
170.9,-73.4,-90.0,bottom,C60,,,C_0201_0603Metric,u1,smt
122.5,-82.7,0.0,bottom,C61,,,C_0402_1005Metric,4u7/6V3,smt
168.8,-107.3,-90.0,bottom,C62,,,CP_EIA-3216-10_Kemet-I,1u,smt
110.1,-89.8,-90.0,bottom,C63,,,C_0603_1608Metric,u1/35V,smt
103.5,-114.55,180.0,bottom,C64,,,C_0603_1608Metric,u1/24V,smt
165.15,-119.95,-135.0,bottom,C65,,,C_0201_0603Metric,u1,smt
164.65,-119.45,-135.0,bottom,C66,,,C_0201_0603Metric,u1,smt
145.5,-117.95,0.0,bottom,C67,,,C_0402_1005Metric,1u,smt
190.2,-64.7,90.0,bottom,C68,,,C_0603_1608Metric,u1/35V,smt
195.4,-63.0,180.0,bottom,C69,,,C_0805_2012Metric,10u/35V,smt
121.35,-121.1,-90.0,bottom,C7,,,C_0603_1608Metric,22u,smt
183.85,-71.8,-90.0,bottom,C70,,,C_0402_1005Metric,2u2,smt
187.2,-72.9,180.0,bottom,C71,,,C_0402_1005Metric,22n/50V,smt
195.45,-73.4,180.0,bottom,C72,,,C_0805_2012Metric,10u/35V,smt
184.6,-60.0,0.0,bottom,C73,,,C_0402_1005Metric,2u2,smt
187.2,-60.0,180.0,bottom,C74,,,C_0402_1005Metric,22n/50V,smt
185.9,-60.25,90.0,bottom,C75,,,C_0201_0603Metric,u1,smt
190.2,-51.75,90.0,bottom,C76,,,C_0603_1608Metric,u1/35V,smt
194.5,-51.9,-90.0,bottom,C77,,,C_0805_2012Metric,10u/35V,smt
196.5,-51.9,-90.0,bottom,C78,,,C_0805_2012Metric,10u/35V,smt
121.1,-66.0,-90.0,bottom,C79,,,C_0603_1608Metric,u1/35V,smt
110.3,-95.05,180.0,bottom,C8,,,C_0402_1005Metric,10p,smt
118.65,-66.5,0.0,bottom,C80,,,C_0805_2012Metric,10u/35V,smt
124.65,-68.3,180.0,bottom,C81,,,C_0603_1608Metric,u1/16V,smt
121.75,-61.1,180.0,bottom,C82,,,C_0402_1005Metric,56p,smt
113.8,-68.35,180.0,bottom,C83,,,C_0603_1608Metric,22u,smt
113.8,-66.85,180.0,bottom,C84,,,C_0603_1608Metric,22u,smt
195.4,-61.0,180.0,bottom,C85,,,C_0805_2012Metric,10u/35V,smt
190.2,-61.0,-90.0,bottom,C86,,,C_0603_1608Metric,u1/35V,smt
185.9,-52.55,90.0,bottom,C87,,,C_0201_0603Metric,u1,smt
195.4,-65.0,180.0,bottom,C88,,,C_0805_2012Metric,10u/35V,smt
190.2,-74.2,-90.0,bottom,C89,,,C_0603_1608Metric,u1/35V,smt
110.3,-99.6,180.0,bottom,C9,,,C_0402_1005Metric,10p,smt
185.85,-85.65,90.0,bottom,C90,,,C_0201_0603Metric,u1,smt
185.45,-78.3,180.0,bottom,C91,,,C_0201_0603Metric,u1,smt
190.2,-77.2,90.0,bottom,C92,,,C_0603_1608Metric,u1/35V,smt
195.4,-85.8,180.0,bottom,C93,,,C_0805_2012Metric,10u/35V,smt
183.85,-83.9,-90.0,bottom,C94,,,C_0402_1005Metric,2u2,smt
187.2,-85.4,180.0,bottom,C95,,,C_0402_1005Metric,22n/50V,smt
195.45,-75.4,180.0,bottom,C96,,,C_0805_2012Metric,10u/35V,smt
195.45,-77.4,180.0,bottom,C97,,,C_0805_2012Metric,10u/35V,smt
190.2,-86.4,-90.0,bottom,C98,,,C_0603_1608Metric,u1/35V,smt
150.0,-82.7,180.0,bottom,D10,,,LED_PLCC_2835_Handsoldering,WHITE,smt
153.0,-77.0,-90.0,bottom,D11,,,LED_PLCC_2835_Handsoldering,WHITE,smt
153.0,-70.0,-90.0,bottom,D12,,,LED_PLCC_2835_Handsoldering,WHITE,smt
180.7,-77.7,180.0,bottom,D14,,,LED_1206_3216Metric_ReverseMount,HTR ON,smt
152.294201,-91.85,90.0,bottom,D15,,,SK6812MINI-E_REV,RGB2,tht
147.7,-91.85,90.0,bottom,D16,,,SK6812MINI-E_REV,RGB1,tht
143.2,-91.9,90.0,bottom,D17,,,SK6812MINI-E_REV,RGB0,tht
120.3,-76.65,180.0,bottom,D19,,,LED_1206_3216Metric_ReverseMount,INFO,smt
160.5,-88.9,0.0,bottom,D20,,,D_SOD-323,1N5819WS,smt
156.9,-91.85,90.0,bottom,D21,,,SK6812MINI-E_REV,RGB3,tht
147.0,-70.0,90.0,bottom,D8,,,LED_PLCC_2835_Handsoldering,WHITE,smt
147.0,-77.0,90.0,bottom,D9,,,LED_PLCC_2835_Handsoldering,WHITE,smt
173.15,-115.45,45.0,bottom,FB1,,,L_0603_1608Metric,600R,smt
128.5,-93.65,180.0,bottom,FB2,,,L_0603_1608Metric,600R,smt
108.005,-100.8,-90.0,top,J1,,,"PhoenixContact_MC_1,5_4-G-3.5_1x04_P3.50mm_Horizontal_smallerCourtyard",HALL,tht
102.65,-71.85,90.0,bottom,J13,,,USB_C_Receptacle_HRO_TYPE-C-31-M-12_IMPROVED,POWER,smt
199.975,-104.0,90.0,bottom,J14,,,PJ-327A,AUX OUT,tht
199.975,-115.0,90.0,bottom,J16,,,PJ-327A,Headphones,tht
141.5,-138.725,180.0,bottom,J17,,,microSD push,Micro_SD_Card_Det1,smt
120.4,-98.1,90.0,top,J18,,,Molex_SPOX_5267-03A_1x03_P2.50mm_Vertical,Bus-Servo,tht
192.3,-60.05,90.0,top,J24,,,JST_XH_S4B-XH-A-1_1x04_P2.50mm_Horizontal_SmallerCourtyard,K1,tht
144.4,-62.6,90.0,bottom,J25,,,PinHeader_2x09_P2.54mm_Horizontal_SMD,Servos,smt
124.52,-97.94,90.0,top,J26,,,PinHeader_2x03_P2.54mm_Vertical,EXT,tht
108.005,-85.4,-90.0,top,J28,,,"PhoenixContact_MC_1,5_4-G-3.5_1x04_P3.50mm_Horizontal_smallerCourtyard",Brushless,tht
199.975,-93.0,90.0,bottom,J3,,,PJ-327A,AUX IN,tht
192.3,-72.95,90.0,top,J30,,,JST_XH_S4B-XH-A-1_1x04_P2.50mm_Horizontal_SmallerCourtyard,K1,tht
192.3,-85.55,90.0,top,J31,,,JST_XH_S4B-XH-A-1_1x04_P2.50mm_Horizontal_SmallerCourtyard,K1,tht
132.2,-74.645,90.0,bottom,J36,,,PinSocket_2x06_P2.54mm_Vertical_SMD,PROG_STM,smt
102.7,-128.6,90.0,bottom,J5,,,USB_C_Receptacle_HRO_TYPE-C-31-M-12_IMPROVED,USB_ESP32,smt
123.0,-115.15,180.0,bottom,L1,,,L_0630,1u,smt
119.2,-71.1,0.0,bottom,L4,,,L_0630,10u,smt
161.9,-68.2,0.0,bottom,Q1,,,SOT-23,BC817,smt
182.6,-67.1625,90.0,bottom,Q2,,,SOT-23,IRLML6344,smt
163.8,-73.85,180.0,bottom,Q3,,,TO-252-2,MJD31C,smt
157.7,-83.6,0.0,bottom,Q5,,,SOT-23,IRLML6344,smt
143.3,-121.3,90.0,bottom,Q6,,,SOT-23,IRLML6344,smt
176.6,-147.0,180.0,bottom,R1,,,R_0402_1005Metric,k22,smt
110.3,-102.05,0.0,bottom,R10,,,R_0402_1005Metric,2k2,smt
171.4,-88.4,-90.0,bottom,R11,,,R_0201_0603Metric,10k,smt
159.3,-67.45,90.0,bottom,R12,,,R_0402_1005Metric,1k,smt
168.25,-79.7,-90.0,bottom,R13,,,R_1206_3216Metric,10R,smt
110.3,-98.65,0.0,bottom,R14,,,R_0402_1005Metric,2k2,smt
165.95,-79.7,-90.0,bottom,R15,,,R_1206_3216Metric,10R,smt
110.3,-96.05,0.0,bottom,R16,,,R_0402_1005Metric,2k2,smt
111.6,-95.55,-90.0,bottom,R17,,,R_0201_0603Metric,10k,smt
109.4,-129.85,0.0,bottom,R18,,,R_0201_0603Metric,5k1,smt
104.65,-134.7,-90.0,bottom,R19,,,R_0201_0603Metric,5k1,smt
145.95,-137.45,90.0,bottom,R2,,,R_0201_0603Metric,10k,smt
186.2,-144.8,0.0,bottom,R21,,,R_0201_0603Metric,10k,smt
126.4,-90.8,180.0,bottom,R22,,,R_0402_1005Metric,1k,smt
177.7,-114.4,180.0,bottom,R24,,,R_0402_1005Metric,2k2,smt
187.0,-118.3,0.0,bottom,R25,,,R_0201_0603Metric,M1,smt
164.0,-115.8,135.0,bottom,R26,,,R_0201_0603Metric,10k,smt
192.6,-119.3,0.0,bottom,R27,,,R_0201_0603Metric,10k,smt
118.95,-119.55,0.0,bottom,R28,,,R_0603_1608Metric,1R,smt
174.1,-82.85,45.0,bottom,R29,,,R_0201_0603Metric,10k,smt
139.0,-112.45,0.0,bottom,R3,,,R_0603_1608Metric,1R,smt
182.9,-70.4,180.0,bottom,R30,,,R_0402_1005Metric,1k,smt
183.25,-69.5,0.0,bottom,R31,,,R_0201_0603Metric,10k,smt
123.55,-76.775,90.0,bottom,R34,,,R_0402_1005Metric,1k,smt
154.8,-84.525,180.0,bottom,R35,,,R_0402_1005Metric,1k,smt
168.0,-101.4,90.0,bottom,R36,,,R_0201_0603Metric,10k,smt
167.2,-101.4,-90.0,bottom,R37,,,R_0201_0603Metric,10k,smt
105.2,-87.85,-90.0,bottom,R38,,,R_2010_5025Metric,r1,smt
170.4,-93.3,180.0,bottom,R39,,,R_0201_0603Metric,10k,smt
125.4,-121.5,-90.0,bottom,R4,,,R_0201_0603Metric,10k,smt
168.8,-129.4,0.0,bottom,R40,,,R_0402_1005Metric,k22,smt
170.85,-136.8,180.0,bottom,R41,,,R_0201_0603Metric,10k,smt
184.4,-122.6,-90.0,bottom,R42,,,R_0402_1005Metric,1k,smt
109.9,-142.2,-90.0,bottom,R43,,,R_0402_1005Metric,3k3,smt
120.1,-137.8,90.0,bottom,R44,,,R_0402_1005Metric,3k3,smt
155.3,-83.3,-90.0,bottom,R45,,,R_0201_0603Metric,10k,smt
135.95,-112.45,0.0,bottom,R47,,,R_0603_1608Metric,1R,smt
124.5,-62.0,180.0,bottom,R48,,,R_0402_1005Metric,3k3,smt
189.5,-138.95,180.0,bottom,R5,,,R_0402_1005Metric,1k,smt
108.4,-108.5,-90.0,bottom,R50,,,R_0201_0603Metric,10k,smt
111.6,-99.15,90.0,bottom,R51,,,R_0201_0603Metric,10k,smt
175.45,-81.5,45.0,bottom,R53,,,R_0201_0603Metric,M1,smt
185.45,-118.3,0.0,bottom,R54,,,R_0201_0603Metric,M1,smt
192.0,-110.2,-90.0,bottom,R55,,,R_0201_0603Metric,10k,smt
144.85,-132.95,-90.0,bottom,R56,,,R_0201_0603Metric,10k,smt
145.7,-132.3,90.0,bottom,R57,,,R_0201_0603Metric,10k,smt
145.7,-130.85,-90.0,bottom,R58,,,R_0201_0603Metric,10k,smt
121.75,-60.25,0.0,bottom,R59,,,R_0201_0603Metric,M1,smt
181.45,-81.05,90.0,bottom,R6,,,R_0402_1005Metric,1k,smt
122.55,-62.0,180.0,bottom,R60,,,R_0201_0603Metric,10k,smt
132.9,-126.95,0.0,bottom,R61,,,R_0201_0603Metric,10k,smt
152.35,-117.1,-90.0,bottom,R62,,,R_0201_0603Metric,10k,smt
123.9,-86.0,-90.0,bottom,R63,,,R_0201_0603Metric,10k,smt
111.6,-102.55,-90.0,bottom,R64,,,R_0201_0603Metric,10k,smt
140.4,-72.6,-90.0,bottom,R65,,,R_0201_0603Metric,10k,smt
168.9,-122.35,180.0,bottom,R66,,,R_0402_1005Metric,k22,smt
152.65,-116.0,0.0,bottom,R67,,,R_0201_0603Metric,10k,smt
123.4,-89.75,0.0,bottom,R68,,,R_0201_0603Metric,10k,smt
123.85,-88.9,180.0,bottom,R69,,,R_0402_1005Metric,1k,smt
118.95,-121.1,0.0,bottom,R7,,,R_0603_1608Metric,1R,smt
163.4,-95.3,-90.0,bottom,R70,,,R_0402_1005Metric,k22,smt
140.5,-74.25,-90.0,bottom,R71,,,R_0402_1005Metric,1k,smt
109.5,-127.35,180.0,bottom,R72,,,R_0201_0603Metric,10k,smt
111.15,-127.45,180.0,bottom,R73,,,R_0402_1005Metric,3k3,smt
143.8,-123.7,180.0,bottom,R74,,,R_0402_1005Metric,1k,smt
145.45,-121.9,90.0,bottom,R75,,,R_0201_0603Metric,10k,smt
118.1,-96.9,-90.0,bottom,R76,,,R_0805_2012Metric_Pad1.20x1.40mm_HandSolder,10k,smt
118.1,-100.6,90.0,bottom,R77,,,R_0805_2012Metric_Pad1.20x1.40mm_HandSolder,1k,smt
143.35,-117.1,-90.0,bottom,R78,,,R_1206_3216Metric,10R,smt
196.6,-58.4,0.0,bottom,R79,,,R_2010_5025Metric,r1,smt
190.65,-134.75,-90.0,bottom,R8,,,R_0402_1005Metric,1k,smt
196.6,-67.6,0.0,bottom,R80,,,R_2010_5025Metric,r1,smt
196.6,-55.2,0.0,bottom,R83,,,R_2010_5025Metric,r1,smt
196.6,-70.8,0.0,bottom,R84,,,R_2010_5025Metric,r1,smt
196.6,-80.0,0.0,bottom,R87,,,R_2010_5025Metric,r1,smt
196.6,-83.2,0.0,bottom,R88,,,R_2010_5025Metric,r1,smt
118.2,-142.4,0.0,bottom,R9,,,R_0402_1005Metric,k22,smt
182.25,-147.05,0.0,bottom,SW1,,,"Button_2x4x3,5_handsolder",Reset,smt
130.9,-122.0,0.0,bottom,SW5,,,SW_Push_1P1T_NO_6x6mm_H6.5mm_Reverse,POWER,smt
173.1,-99.0,90.0,bottom,SW7,,,SW_Push_1P1T_NO_6x6mm_H6.5mm_Reverse,RED,smt
173.1,-129.0,90.0,bottom,SW8,,,SW_Push_1P1T_NO_6x6mm_H6.5mm_Reverse,GREEN,smt
183.6,-135.925,0.0,bottom,U1,,,SOIC-8_3.9x4.9mm_Pitch1.27mm_handsolder,MAX3485,smt
167.9,-117.7,135.0,bottom,U10,,,QFN-32-1EP_5x5mm_P0.5mm_EP3.6x3.6mm_ThermalVias,NAU8822,smt
129.1,-62.1,-90.0,bottom,U11,,,SOT-223-3_TabPin2,AMS1117,smt
119.7,-148.0,0.0,bottom,U12,,,AHT21,AHT20,smt
187.45,-56.4,90.0,bottom,U14,,,QFN-28-1EP_5x5mm_P0.5mm_EP3.75x3.75mm_ThermalVias,TMC2209,smt
104.5,-110.1,-90.0,bottom,U16,,,SOIC-8_3.9x4.9mm_P1.27mm,LM358,smt
110.1,-125.65,180.0,bottom,U18,,,SOT-583-8,TPS2116DRL,smt
187.45,-69.3,90.0,bottom,U19,,,QFN-28-1EP_5x5mm_P0.5mm_EP3.75x3.75mm_ThermalVias,TMC2209,smt
132.45,-115.925,180.0,bottom,U2,,,HSOP-8-1EP_3.9x4.9mm_P1.27mm_EP2.3x2.3mm_ThermalVias,IP5306_I2C,smt
187.45,-81.8,90.0,bottom,U20,,,QFN-28-1EP_5x5mm_P0.5mm_EP3.75x3.75mm_ThermalVias,TMC2209,smt
123.65,-65.1,90.0,bottom,U27,,,SOT-23-6_Handsoldering,TPS54202DDC,smt
117.725,-86.9,0.0,bottom,U3,,,HTSSOP-28-1EP_4.4x9.7mm_P0.65mm_EP2.85x5.4mm_ThermalVias,DRV8313,smt
156.2,-132.86,0.0,bottom,U4,,,ESP32-S3-WROOM-1,ESP32-S3-WROOM-1,smt
132.6,-86.175,180.0,bottom,U5,,,LQFP-64_10x10mm_P0.5mm,STM32G431R8Tx,smt
183.6,-141.55,0.0,bottom,U7,,,SOIC-8_3.9x4.9mm_Pitch1.27mm_handsolder,SN65HVD230,smt
120.05,-131.2,180.0,bottom,U8,,,SOT-23-6,SRV05-4,smt
118.4,-135.35,0.0,bottom,U9,,,LGA-14_3x2.5mm_P0.5mm_LayoutBorder3x4y,LSM6DS3,smt
